,MAE,MSE,RMSE,R2,set,modelo
0,1074.127184322865,2045892.4555392375,1430.3469703324565,0.476543315405094,test,Linear Regresion
1,1152.5791679819936,2117209.872674037,1455.0635287416274,0.541285284013261,train,LinearRegression
