,MAE,MSE,RMSE,R2,set,modelo
0,1074.127184322865,2045892.4555392372,1430.3469703324563,0.476543315405094,test,Linear Regresion
1,1152.5791679819936,2117209.872674037,1455.0635287416274,0.541285284013261,train,LinearRegression
0,1120.6935258264114,2126582.352509663,1458.28061514568,0.4558982097280653,test,Decission Tree I
1,1124.8599402337563,2063628.8303379188,1436.5336161531059,0.5528941532778102,train,Decission Tree I
0,1150.1876139914043,2264664.2154327612,1504.8801332440937,0.42056894597682737,test,Decision tree II
1,1162.02113579817,2156034.5191204115,1468.3441419232793,0.5328735356562402,train,Decision tree II
