,MAE,MSE,RMSE,R2,set,modelo
0,1074.127184322865,2045892.4555392372,1430.3469703324563,0.476543315405094,test,Linear Regresion
1,1152.5791679819936,2117209.872674037,1455.0635287416274,0.541285284013261,train,LinearRegression
0,1120.6935258264114,2126582.352509663,1458.28061514568,0.4558982097280653,test,Decission Tree I
1,1124.8599402337563,2063628.8303379188,1436.5336161531059,0.5528941532778102,train,Decission Tree I
0,1184.2570352288733,2373625.0871703154,1540.6573555370173,0.3926905027498212,test,Decision tree II
1,1256.2358804299902,2453612.5833506864,1566.4011565849555,0.46840026875007834,train,Decision tree II
