,accuracy,precision,recall,f1,kapppa,set,modelo
0,0.8269699112263336,0.8364532723635324,0.8469217970049917,0.8416549840037385,0.6509538332233689,test,Regresión logistica
1,0.8315018315018315,0.8431474167664457,0.8491567826353017,0.8461414300830359,0.6599299931889457,train,Regresión logistica
