,accuracy,precision,recall,f1,kapppa,set,modelo
0,0.8269699112263336,0.8364532723635324,0.8469217970049917,0.8416549840037385,0.6509538332233689,test,Regresión logistica
1,0.8315018315018315,0.8431474167664457,0.8491567826353017,0.8461414300830359,0.6599299931889457,train,Regresión logistica
2,0.9201429805954906,0.9225806451612903,0.9310569340953483,0.9267994094984338,0.8389583138744836,test,Decission Tree Esta I
3,1.0,1.0,1.0,1.0,1.0,train,Decission Tree Esta I
4,0.9185324848770524,0.9244274257640344,0.925631194386168,0.925028918449971,0.8358323728937476,test,Decision tree Esta II
5,0.9267301063547713,0.9334426702231193,0.9321826461006821,0.9328122326582438,0.8522495293528692,train,Decision tree Esta II
