,accuracy,precision,recall,f1,kapppa,set,modelo
0,0.936994265064027,0.936050246235101,0.9487810171453375,0.942372637781131,0.8728882520374344,test,Random Forest
1,0.9440729065393945,0.9444068159133039,0.9536365436187254,0.9489992387946089,0.8870955952741364,train,Random Forest
0,0.8269699112263336,0.8364532723635324,0.8469217970049917,0.8416549840037385,0.6509538332233689,test,Regresión logistica
1,0.8315018315018315,0.8431474167664457,0.8491567826353017,0.8461414300830359,0.6599299931889457,train,Regresión logistica
2,0.9201429805954906,0.9225806451612903,0.9310569340953484,0.9267994094984338,0.8389583138744836,test,Decission Tree Esta I
3,1.0,1.0,1.0,1.0,1.0,train,Decission Tree Esta I
4,0.9185324848770524,0.9244274257640344,0.925631194386168,0.925028918449971,0.8358323728937476,test,Decision tree Esta II
5,0.9267301063547712,0.9334426702231192,0.932182646100682,0.9328122326582438,0.8522495293528692,train,Decision tree Esta II
